<?xml version="1.0"?>
<Runs Version="1" Minor="0">
	<Run Id="instruction_memory_synth_1" LaunchDir="E:/Projects/CALab/Computer-architecture-lab/ARM.runs/instruction_memory_synth_1" FlowId="Vivado_Synthesis" FromStepId="vivado" ToStepId="vivado"/>
	<Run Id="synth_1" LaunchDir="E:/Projects/CALab/Computer-architecture-lab/ARM.runs/synth_1" FlowId="Vivado_Synthesis" FromStepId="vivado" ToStepId="vivado">
		<Parent Id="instruction_memory_synth_1"/>
	</Run>
	<Run Id="impl_1" LaunchDir="E:/Projects/CALab/Computer-architecture-lab/ARM.runs/impl_1" FlowId="Vivado_Implementation" FromStepId="init_design" ToStepId="write_bitstream">
		<Parent Id="synth_1"/>
		<Parent Id="instruction_memory_synth_1"/>
	</Run>
	<Parameters>
		<Parameter Name="runs.monitorLSFJobs" Val="true" Type="bool"/>
	</Parameters>
</Runs>

