<?xml version="1.0"?>
<Runs Version="1" Minor="0">
	<Run Id="instruction_memory_Register_2_0_synth_1" LaunchDir="E:/Projects/CALab/Computer-architecture-lab/ARM.runs/instruction_memory_Register_2_0_synth_1" FlowId="Vivado_Synthesis" FromStepId="vivado" ToStepId="vivado"/>
	<Run Id="instruction_memory_Register_1_0_synth_1" LaunchDir="E:/Projects/CALab/Computer-architecture-lab/ARM.runs/instruction_memory_Register_1_0_synth_1" FlowId="Vivado_Synthesis" FromStepId="vivado" ToStepId="vivado"/>
	<Run Id="instruction_memory_Register_0_1_synth_1" LaunchDir="E:/Projects/CALab/Computer-architecture-lab/ARM.runs/instruction_memory_Register_0_1_synth_1" FlowId="Vivado_Synthesis" FromStepId="vivado" ToStepId="vivado"/>
	<Run Id="instruction_memory_Register_2_1_synth_1" LaunchDir="E:/Projects/CALab/Computer-architecture-lab/ARM.runs/instruction_memory_Register_2_1_synth_1" FlowId="Vivado_Synthesis" FromStepId="vivado" ToStepId="vivado"/>
	<Run Id="instruction_memory_if_comp_top_1_0_synth_1" LaunchDir="E:/Projects/CALab/Computer-architecture-lab/ARM.runs/instruction_memory_if_comp_top_1_0_synth_1" FlowId="Vivado_Synthesis" FromStepId="vivado" ToStepId="vivado"/>
	<Run Id="instruction_memory_xlconcat_0_0_synth_1" LaunchDir="E:/Projects/CALab/Computer-architecture-lab/ARM.runs/instruction_memory_xlconcat_0_0_synth_1" FlowId="Vivado_Synthesis" FromStepId="vivado" ToStepId="vivado"/>
	<Run Id="instruction_memory_xlslice_0_0_synth_1" LaunchDir="E:/Projects/CALab/Computer-architecture-lab/ARM.runs/instruction_memory_xlslice_0_0_synth_1" FlowId="Vivado_Synthesis" FromStepId="vivado" ToStepId="vivado"/>
	<Run Id="instruction_memory_instruction_decode_c_0_2_synth_1" LaunchDir="E:/Projects/CALab/Computer-architecture-lab/ARM.runs/instruction_memory_instruction_decode_c_0_2_synth_1" FlowId="Vivado_Synthesis" FromStepId="vivado" ToStepId="vivado"/>
	<Run Id="instruction_memory_exe_splittre_0_1_synth_1" LaunchDir="E:/Projects/CALab/Computer-architecture-lab/ARM.runs/instruction_memory_exe_splittre_0_1_synth_1" FlowId="Vivado_Synthesis" FromStepId="vivado" ToStepId="vivado"/>
	<Run Id="instruction_memory_ms_splittre_0_0_synth_1" LaunchDir="E:/Projects/CALab/Computer-architecture-lab/ARM.runs/instruction_memory_ms_splittre_0_0_synth_1" FlowId="Vivado_Synthesis" FromStepId="vivado" ToStepId="vivado"/>
	<Run Id="instruction_memory_exe_stage_0_0_synth_1" LaunchDir="E:/Projects/CALab/Computer-architecture-lab/ARM.runs/instruction_memory_exe_stage_0_0_synth_1" FlowId="Vivado_Synthesis" FromStepId="vivado" ToStepId="vivado"/>
	<Run Id="instruction_memory_wbs_splittre_0_0_synth_1" LaunchDir="E:/Projects/CALab/Computer-architecture-lab/ARM.runs/instruction_memory_wbs_splittre_0_0_synth_1" FlowId="Vivado_Synthesis" FromStepId="vivado" ToStepId="vivado"/>
	<Run Id="instruction_memory_status_reg_0_0_synth_1" LaunchDir="E:/Projects/CALab/Computer-architecture-lab/ARM.runs/instruction_memory_status_reg_0_0_synth_1" FlowId="Vivado_Synthesis" FromStepId="vivado" ToStepId="vivado"/>
	<Run Id="instruction_memory_hazard_detection_unit_0_0_synth_1" LaunchDir="E:/Projects/CALab/Computer-architecture-lab/ARM.runs/instruction_memory_hazard_detection_unit_0_0_synth_1" FlowId="Vivado_Synthesis" FromStepId="vivado" ToStepId="vivado"/>
	<Run Id="instruction_memory_Register_1_1_synth_1" LaunchDir="E:/Projects/CALab/Computer-architecture-lab/ARM.runs/instruction_memory_Register_1_1_synth_1" FlowId="Vivado_Synthesis" FromStepId="vivado" ToStepId="vivado"/>
	<Run Id="instruction_memory_Register_4_0_synth_1" LaunchDir="E:/Projects/CALab/Computer-architecture-lab/ARM.runs/instruction_memory_Register_4_0_synth_1" FlowId="Vivado_Synthesis" FromStepId="vivado" ToStepId="vivado"/>
	<Run Id="instruction_memory_memory_0_0_synth_1" LaunchDir="E:/Projects/CALab/Computer-architecture-lab/ARM.runs/instruction_memory_memory_0_0_synth_1" FlowId="Vivado_Synthesis" FromStepId="vivado" ToStepId="vivado"/>
	<Run Id="instruction_memory_mux_0_0_synth_1" LaunchDir="E:/Projects/CALab/Computer-architecture-lab/ARM.runs/instruction_memory_mux_0_0_synth_1" FlowId="Vivado_Synthesis" FromStepId="vivado" ToStepId="vivado"/>
	<Run Id="synth_1" LaunchDir="E:/Projects/CALab/Computer-architecture-lab/ARM.runs/synth_1" FlowId="Vivado_Synthesis" FromStepId="vivado" ToStepId="vivado">
		<Parent Id="instruction_memory_Register_2_0_synth_1"/>
		<Parent Id="instruction_memory_Register_1_0_synth_1"/>
		<Parent Id="instruction_memory_Register_0_1_synth_1"/>
		<Parent Id="instruction_memory_Register_2_1_synth_1"/>
		<Parent Id="instruction_memory_if_comp_top_1_0_synth_1"/>
		<Parent Id="instruction_memory_xlconcat_0_0_synth_1"/>
		<Parent Id="instruction_memory_xlslice_0_0_synth_1"/>
		<Parent Id="instruction_memory_instruction_decode_c_0_2_synth_1"/>
		<Parent Id="instruction_memory_exe_splittre_0_1_synth_1"/>
		<Parent Id="instruction_memory_ms_splittre_0_0_synth_1"/>
		<Parent Id="instruction_memory_exe_stage_0_0_synth_1"/>
		<Parent Id="instruction_memory_wbs_splittre_0_0_synth_1"/>
		<Parent Id="instruction_memory_status_reg_0_0_synth_1"/>
		<Parent Id="instruction_memory_hazard_detection_unit_0_0_synth_1"/>
		<Parent Id="instruction_memory_Register_1_1_synth_1"/>
		<Parent Id="instruction_memory_Register_4_0_synth_1"/>
		<Parent Id="instruction_memory_memory_0_0_synth_1"/>
		<Parent Id="instruction_memory_mux_0_0_synth_1"/>
	</Run>
	<Run Id="impl_1" LaunchDir="E:/Projects/CALab/Computer-architecture-lab/ARM.runs/impl_1" FlowId="Vivado_Implementation" FromStepId="init_design" ToStepId="route_design">
		<Parent Id="synth_1"/>
		<Parent Id="instruction_memory_Register_2_0_synth_1"/>
		<Parent Id="instruction_memory_Register_1_0_synth_1"/>
		<Parent Id="instruction_memory_Register_0_1_synth_1"/>
		<Parent Id="instruction_memory_Register_2_1_synth_1"/>
		<Parent Id="instruction_memory_if_comp_top_1_0_synth_1"/>
		<Parent Id="instruction_memory_xlconcat_0_0_synth_1"/>
		<Parent Id="instruction_memory_xlslice_0_0_synth_1"/>
		<Parent Id="instruction_memory_instruction_decode_c_0_2_synth_1"/>
		<Parent Id="instruction_memory_exe_splittre_0_1_synth_1"/>
		<Parent Id="instruction_memory_ms_splittre_0_0_synth_1"/>
		<Parent Id="instruction_memory_exe_stage_0_0_synth_1"/>
		<Parent Id="instruction_memory_wbs_splittre_0_0_synth_1"/>
		<Parent Id="instruction_memory_status_reg_0_0_synth_1"/>
		<Parent Id="instruction_memory_hazard_detection_unit_0_0_synth_1"/>
		<Parent Id="instruction_memory_Register_1_1_synth_1"/>
		<Parent Id="instruction_memory_Register_4_0_synth_1"/>
		<Parent Id="instruction_memory_memory_0_0_synth_1"/>
		<Parent Id="instruction_memory_mux_0_0_synth_1"/>
	</Run>
	<Parameters>
		<Parameter Name="runs.monitorLSFJobs" Val="true" Type="bool"/>
	</Parameters>
</Runs>

