<?xml version="1.0"?>
<Runs Version="1" Minor="0">
	<Run Id="instruction_memory_dist_mem_gen_0_0_synth_1" LaunchDir="E:/Projects/CALab/Computer-architecture-lab/ARM.runs/instruction_memory_dist_mem_gen_0_0_synth_1" FlowId="Vivado_Synthesis" FromStepId="vivado" ToStepId="vivado"/>
	<Run Id="instruction_memory_if_comp_top_1_0_synth_1" LaunchDir="E:/Projects/CALab/Computer-architecture-lab/ARM.runs/instruction_memory_if_comp_top_1_0_synth_1" FlowId="Vivado_Synthesis" FromStepId="vivado" ToStepId="vivado"/>
	<Run Id="synth_1" LaunchDir="E:/Projects/CALab/Computer-architecture-lab/ARM.runs/synth_1" FlowId="Vivado_Synthesis" FromStepId="vivado" ToStepId="vivado">
		<Parent Id="instruction_memory_dist_mem_gen_0_0_synth_1"/>
		<Parent Id="instruction_memory_if_comp_top_1_0_synth_1"/>
	</Run>
	<Parameters>
		<Parameter Name="runs.monitorLSFJobs" Val="true" Type="bool"/>
	</Parameters>
</Runs>

