<?xml version="1.0"?>
<Runs Version="1" Minor="0">
	<Run Id="instruction_memory_Register_0_1_synth_1" LaunchDir="E:/Projects/CALab/Computer-architecture-lab/ARM.runs/instruction_memory_Register_0_1_synth_1" FlowId="Vivado_Synthesis" FromStepId="vivado" ToStepId="vivado"/>
	<Run Id="instruction_memory_xlconcat_0_0_synth_1" LaunchDir="E:/Projects/CALab/Computer-architecture-lab/ARM.runs/instruction_memory_xlconcat_0_0_synth_1" FlowId="Vivado_Synthesis" FromStepId="vivado" ToStepId="vivado"/>
	<Run Id="instruction_memory_xlslice_0_0_synth_1" LaunchDir="E:/Projects/CALab/Computer-architecture-lab/ARM.runs/instruction_memory_xlslice_0_0_synth_1" FlowId="Vivado_Synthesis" FromStepId="vivado" ToStepId="vivado"/>
	<Run Id="instruction_memory_Register_2_1_synth_1" LaunchDir="E:/Projects/CALab/Computer-architecture-lab/ARM.runs/instruction_memory_Register_2_1_synth_1" FlowId="Vivado_Synthesis" FromStepId="vivado" ToStepId="vivado"/>
	<Run Id="instruction_memory_if_comp_top_1_0_synth_1" LaunchDir="E:/Projects/CALab/Computer-architecture-lab/ARM.runs/instruction_memory_if_comp_top_1_0_synth_1" FlowId="Vivado_Synthesis" FromStepId="vivado" ToStepId="vivado"/>
	<Parameters>
		<Parameter Name="runs.monitorLSFJobs" Val="true" Type="bool"/>
	</Parameters>
</Runs>

