<?xml version="1.0" encoding="UTF-8"?>
<GenRun Id="impl_1" LaunchPart="xc7z010clg400-1" LaunchTime="1748957380">
  <File Type="BITSTR-BMM" Name="instruction_memory_wrapper_bd.bmm"/>
  <File Type="OPT-METHODOLOGY-DRC" Name="instruction_memory_wrapper_methodology_drc_opted.rpt"/>
  <File Type="INIT-TIMING" Name="instruction_memory_wrapper_timing_summary_init.rpt"/>
  <File Type="ROUTE-PWR" Name="instruction_memory_wrapper_power_routed.rpt"/>
  <File Type="PA-TCL" Name="instruction_memory_wrapper.tcl"/>
  <File Type="OPT-TIMING" Name="instruction_memory_wrapper_timing_summary_opted.rpt"/>
  <File Type="OPT-DCP" Name="instruction_memory_wrapper_opt.dcp"/>
  <File Type="ROUTE-PWR-SUM" Name="instruction_memory_wrapper_power_summary_routed.pb"/>
  <File Type="REPORTS-TCL" Name="instruction_memory_wrapper_reports.tcl"/>
  <File Type="OPT-DRC" Name="instruction_memory_wrapper_drc_opted.rpt"/>
  <File Type="OPT-HWDEF" Name="instruction_memory_wrapper.hwdef"/>
  <File Type="PWROPT-DCP" Name="instruction_memory_wrapper_pwropt.dcp"/>
  <File Type="PWROPT-DRC" Name="instruction_memory_wrapper_drc_pwropted.rpt"/>
  <File Type="PWROPT-TIMING" Name="instruction_memory_wrapper_timing_summary_pwropted.rpt"/>
  <File Type="PLACE-DCP" Name="instruction_memory_wrapper_placed.dcp"/>
  <File Type="PLACE-IO" Name="instruction_memory_wrapper_io_placed.rpt"/>
  <File Type="PLACE-CLK" Name="instruction_memory_wrapper_clock_utilization_placed.rpt"/>
  <File Type="PLACE-UTIL" Name="instruction_memory_wrapper_utilization_placed.rpt"/>
  <File Type="PLACE-UTIL-PB" Name="instruction_memory_wrapper_utilization_placed.pb"/>
  <File Type="PLACE-CTRL" Name="instruction_memory_wrapper_control_sets_placed.rpt"/>
  <File Type="PLACE-SIMILARITY" Name="instruction_memory_wrapper_incremental_reuse_placed.rpt"/>
  <File Type="PLACE-PRE-SIMILARITY" Name="instruction_memory_wrapper_incremental_reuse_pre_placed.rpt"/>
  <File Type="BG-BGN" Name="instruction_memory_wrapper.bgn"/>
  <File Type="PLACE-TIMING" Name="instruction_memory_wrapper_timing_summary_placed.rpt"/>
  <File Type="POSTPLACE-PWROPT-DCP" Name="instruction_memory_wrapper_postplace_pwropt.dcp"/>
  <File Type="BG-BIN" Name="instruction_memory_wrapper.bin"/>
  <File Type="POSTPLACE-PWROPT-TIMING" Name="instruction_memory_wrapper_timing_summary_postplace_pwropted.rpt"/>
  <File Type="PHYSOPT-DCP" Name="instruction_memory_wrapper_physopt.dcp"/>
  <File Type="PHYSOPT-DRC" Name="instruction_memory_wrapper_drc_physopted.rpt"/>
  <File Type="BITSTR-MSK" Name="instruction_memory_wrapper.msk"/>
  <File Type="PHYSOPT-TIMING" Name="instruction_memory_wrapper_timing_summary_physopted.rpt"/>
  <File Type="ROUTE-ERROR-DCP" Name="instruction_memory_wrapper_routed_error.dcp"/>
  <File Type="ROUTE-DCP" Name="instruction_memory_wrapper_routed.dcp"/>
  <File Type="ROUTE-BLACKBOX-DCP" Name="instruction_memory_wrapper_routed_bb.dcp"/>
  <File Type="ROUTE-DRC" Name="instruction_memory_wrapper_drc_routed.rpt"/>
  <File Type="ROUTE-DRC-PB" Name="instruction_memory_wrapper_drc_routed.pb"/>
  <File Type="BITSTR-LTX" Name="debug_nets.ltx"/>
  <File Type="BITSTR-LTX" Name="instruction_memory_wrapper.ltx"/>
  <File Type="ROUTE-DRC-RPX" Name="instruction_memory_wrapper_drc_routed.rpx"/>
  <File Type="BITSTR-MMI" Name="instruction_memory_wrapper.mmi"/>
  <File Type="ROUTE-METHODOLOGY-DRC" Name="instruction_memory_wrapper_methodology_drc_routed.rpt"/>
  <File Type="ROUTE-METHODOLOGY-DRC-RPX" Name="instruction_memory_wrapper_methodology_drc_routed.rpx"/>
  <File Type="BITSTR-SYSDEF" Name="instruction_memory_wrapper.sysdef"/>
  <File Type="ROUTE-METHODOLOGY-DRC-PB" Name="instruction_memory_wrapper_methodology_drc_routed.pb"/>
  <File Type="ROUTE-PWR-RPX" Name="instruction_memory_wrapper_power_routed.rpx"/>
  <File Type="ROUTE-STATUS" Name="instruction_memory_wrapper_route_status.rpt"/>
  <File Type="ROUTE-STATUS-PB" Name="instruction_memory_wrapper_route_status.pb"/>
  <File Type="ROUTE-TIMINGSUMMARY" Name="instruction_memory_wrapper_timing_summary_routed.rpt"/>
  <File Type="ROUTE-TIMING-PB" Name="instruction_memory_wrapper_timing_summary_routed.pb"/>
  <File Type="ROUTE-TIMING-RPX" Name="instruction_memory_wrapper_timing_summary_routed.rpx"/>
  <File Type="ROUTE-SIMILARITY" Name="instruction_memory_wrapper_incremental_reuse_routed.rpt"/>
  <File Type="ROUTE-CLK" Name="instruction_memory_wrapper_clock_utilization_routed.rpt"/>
  <File Type="ROUTE-BUS-SKEW" Name="instruction_memory_wrapper_bus_skew_routed.rpt"/>
  <File Type="ROUTE-BUS-SKEW-PB" Name="instruction_memory_wrapper_bus_skew_routed.pb"/>
  <File Type="ROUTE-BUS-SKEW-RPX" Name="instruction_memory_wrapper_bus_skew_routed.rpx"/>
  <File Type="POSTROUTE-PHYSOPT-DCP" Name="instruction_memory_wrapper_postroute_physopt.dcp"/>
  <File Type="POSTROUTE-PHYSOPT-BLACKBOX-DCP" Name="instruction_memory_wrapper_postroute_physopt_bb.dcp"/>
  <File Type="POSTROUTE-PHYSOPT-TIMING" Name="instruction_memory_wrapper_timing_summary_postroute_physopted.rpt"/>
  <File Type="POSTROUTE-PHYSOPT-TIMING-PB" Name="instruction_memory_wrapper_timing_summary_postroute_physopted.pb"/>
  <File Type="POSTROUTE-PHYSOPT-TIMING-RPX" Name="instruction_memory_wrapper_timing_summary_postroute_physopted.rpx"/>
  <File Type="POSTROUTE-PHYSOPT-BUS-SKEW" Name="instruction_memory_wrapper_bus_skew_postroute_physopted.rpt"/>
  <File Type="POSTROUTE-PHYSOPT-BUS-SKEW-PB" Name="instruction_memory_wrapper_bus_skew_postroute_physopted.pb"/>
  <File Type="BG-BIT" Name="instruction_memory_wrapper.bit"/>
  <File Type="POSTROUTE-PHYSOPT-BUS-SKEW-RPX" Name="instruction_memory_wrapper_bus_skew_postroute_physopted.rpx"/>
  <File Type="BITSTR-RBT" Name="instruction_memory_wrapper.rbt"/>
  <File Type="BITSTR-NKY" Name="instruction_memory_wrapper.nky"/>
  <File Type="BG-DRC" Name="instruction_memory_wrapper.drc"/>
  <File Type="RDI-RDI" Name="instruction_memory_wrapper.vdi"/>
  <File Type="WBT-USG" Name="usage_statistics_webtalk.html"/>
  <FileSet Name="sources" Type="DesignSrcs" RelSrcDir="$PSRCDIR/sources_1">
    <Filter Type="Srcs"/>
    <File Path="$PSRCDIR/sources_1/new/Register.v">
      <FileInfo>
        <Attr Name="UsedIn" Val="synthesis"/>
        <Attr Name="UsedIn" Val="implementation"/>
        <Attr Name="UsedIn" Val="simulation"/>
      </FileInfo>
    </File>
    <File Path="$PSRCDIR/sources_1/new/reg_file.v">
      <FileInfo>
        <Attr Name="UsedIn" Val="synthesis"/>
        <Attr Name="UsedIn" Val="implementation"/>
        <Attr Name="UsedIn" Val="simulation"/>
      </FileInfo>
    </File>
    <File Path="$PSRCDIR/sources_1/new/condition_check.v">
      <FileInfo>
        <Attr Name="UsedIn" Val="synthesis"/>
        <Attr Name="UsedIn" Val="implementation"/>
        <Attr Name="UsedIn" Val="simulation"/>
      </FileInfo>
    </File>
    <File Path="$PSRCDIR/sources_1/new/control_unit.v">
      <FileInfo>
        <Attr Name="UsedIn" Val="synthesis"/>
        <Attr Name="UsedIn" Val="implementation"/>
        <Attr Name="UsedIn" Val="simulation"/>
      </FileInfo>
    </File>
    <File Path="$PSRCDIR/sources_1/new/instruction_decode_components.v">
      <FileInfo>
        <Attr Name="UsedIn" Val="synthesis"/>
        <Attr Name="UsedIn" Val="implementation"/>
        <Attr Name="UsedIn" Val="simulation"/>
      </FileInfo>
    </File>
    <File Path="$PSRCDIR/sources_1/new/execution_components.v">
      <FileInfo>
        <Attr Name="UsedIn" Val="synthesis"/>
        <Attr Name="UsedIn" Val="implementation"/>
        <Attr Name="UsedIn" Val="simulation"/>
      </FileInfo>
    </File>
    <File Path="$PSRCDIR/sources_1/new/wire_splittre.v">
      <FileInfo>
        <Attr Name="UsedIn" Val="synthesis"/>
        <Attr Name="UsedIn" Val="implementation"/>
        <Attr Name="UsedIn" Val="simulation"/>
      </FileInfo>
    </File>
    <File Path="$PSRCDIR/sources_1/new/status_register.v">
      <FileInfo>
        <Attr Name="UsedIn" Val="synthesis"/>
        <Attr Name="UsedIn" Val="implementation"/>
        <Attr Name="UsedIn" Val="simulation"/>
      </FileInfo>
    </File>
    <File Path="$PPRDIR/../CA1/ARM/ARM.srcs/sources_1/new/instruction_fetch_components.v">
      <FileInfo>
        <Attr Name="UsedIn" Val="synthesis"/>
        <Attr Name="UsedIn" Val="implementation"/>
        <Attr Name="UsedIn" Val="simulation"/>
      </FileInfo>
    </File>
    <File Path="$PSRCDIR/sources_1/new/hazard_unit_detection.v">
      <FileInfo>
        <Attr Name="UsedIn" Val="synthesis"/>
        <Attr Name="UsedIn" Val="implementation"/>
        <Attr Name="UsedIn" Val="simulation"/>
      </FileInfo>
    </File>
    <File Path="$PSRCDIR/sources_1/new/mux.v">
      <FileInfo>
        <Attr Name="UsedIn" Val="synthesis"/>
        <Attr Name="UsedIn" Val="implementation"/>
        <Attr Name="UsedIn" Val="simulation"/>
      </FileInfo>
    </File>
    <File Path="$PSRCDIR/sources_1/new/memory_components.v">
      <FileInfo>
        <Attr Name="UsedIn" Val="synthesis"/>
        <Attr Name="UsedIn" Val="implementation"/>
        <Attr Name="UsedIn" Val="simulation"/>
      </FileInfo>
    </File>
    <File Path="C:/Users/Ali/Downloads/debouncer.vhd">
      <FileInfo>
        <Attr Name="UsedIn" Val="synthesis"/>
        <Attr Name="UsedIn" Val="simulation"/>
      </FileInfo>
    </File>
    <File Path="$PSRCDIR/sources_1/new/forward_unit_detection.v">
      <FileInfo>
        <Attr Name="UsedIn" Val="synthesis"/>
        <Attr Name="UsedIn" Val="implementation"/>
        <Attr Name="UsedIn" Val="simulation"/>
      </FileInfo>
    </File>
    <File Path="$PSRCDIR/sources_1/bd/instruction_memory/hdl/instruction_memory_wrapper.v">
      <FileInfo>
        <Attr Name="UsedIn" Val="synthesis"/>
        <Attr Name="UsedIn" Val="implementation"/>
        <Attr Name="UsedIn" Val="simulation"/>
      </FileInfo>
    </File>
    <File Path="$PSRCDIR/sources_1/bd/design_1/design_1.bd">
      <FileInfo>
        <Attr Name="AutoDisabled" Val="1"/>
        <Attr Name="UsedIn" Val="synthesis"/>
        <Attr Name="UsedIn" Val="implementation"/>
        <Attr Name="UsedIn" Val="simulation"/>
      </FileInfo>
    </File>
    <File Path="$PSRCDIR/sources_1/new/inverter.v">
      <FileInfo>
        <Attr Name="AutoDisabled" Val="1"/>
        <Attr Name="UsedIn" Val="synthesis"/>
        <Attr Name="UsedIn" Val="implementation"/>
        <Attr Name="UsedIn" Val="simulation"/>
      </FileInfo>
    </File>
    <File Path="$PSRCDIR/sources_1/new/output.coe">
      <FileInfo>
        <Attr Name="UsedIn" Val="synthesis"/>
        <Attr Name="UsedIn" Val="simulation"/>
      </FileInfo>
    </File>
    <File Path="c:/Users/Ali/Downloads/output.coe">
      <FileInfo>
        <Attr Name="UsedIn" Val="synthesis"/>
        <Attr Name="UsedIn" Val="simulation"/>
      </FileInfo>
    </File>
    <Config>
      <Option Name="DesignMode" Val="RTL"/>
      <Option Name="TopModule" Val="instruction_memory_wrapper"/>
    </Config>
  </FileSet>
  <FileSet Name="constrs_in" Type="Constrs" RelSrcDir="$PSRCDIR/constrs_1">
    <Filter Type="Constrs"/>
    <File Path="C:/Users/Ali/Downloads/pin_assignment.xdc">
      <FileInfo>
        <Attr Name="UsedIn" Val="synthesis"/>
        <Attr Name="UsedIn" Val="implementation"/>
      </FileInfo>
    </File>
    <Config>
      <Option Name="ConstrsType" Val="XDC"/>
    </Config>
  </FileSet>
  <FileSet Name="utils" Type="Utils" RelSrcDir="$PSRCDIR/utils_1">
    <Filter Type="Utils"/>
    <Config>
      <Option Name="TopAutoSet" Val="TRUE"/>
    </Config>
  </FileSet>
  <Strategy Version="1" Minor="2">
    <StratHandle Name="Vivado Implementation Defaults" Flow="Vivado Implementation 2018"/>
    <Step Id="init_design"/>
    <Step Id="opt_design"/>
    <Step Id="power_opt_design"/>
    <Step Id="place_design"/>
    <Step Id="post_place_power_opt_design"/>
    <Step Id="phys_opt_design"/>
    <Step Id="route_design"/>
    <Step Id="post_route_phys_opt_design"/>
    <Step Id="write_bitstream"/>
  </Strategy>
  <BlockFileSet Type="BlockSrcs" Name="instruction_memory"/>
</GenRun>
