<?xml version="1.0" encoding="UTF-8"?>
<GenRun Id="instruction_memory_synth_1" LaunchPart="xc7z010clg400-1" LaunchTime="1748957052">
  <File Type="PA-TCL" Name="instruction_memory.tcl"/>
  <File Type="RDS-PROPCONSTRS" Name="instruction_memory_drc_synth.rpt"/>
  <File Type="REPORTS-TCL" Name="instruction_memory_reports.tcl"/>
  <File Type="RDS-RDS" Name="instruction_memory.vds"/>
  <File Type="RDS-UTIL" Name="instruction_memory_utilization_synth.rpt"/>
  <File Type="RDS-UTIL-PB" Name="instruction_memory_utilization_synth.pb"/>
  <File Type="RDS-DCP" Name="instruction_memory.dcp"/>
  <File Type="VDS-TIMINGSUMMARY" Name="instruction_memory_timing_summary_synth.rpt"/>
  <File Type="VDS-TIMING-PB" Name="instruction_memory_timing_summary_synth.pb"/>
  <FileSet Name="sources" Type="BlockSrcs" RelSrcDir="$PSRCDIR/instruction_memory">
    <File Path="$PSRCDIR/sources_1/bd/instruction_memory/instruction_memory.bd">
      <FileInfo>
        <Attr Name="UsedIn" Val="synthesis"/>
        <Attr Name="UsedIn" Val="implementation"/>
        <Attr Name="UsedIn" Val="simulation"/>
      </FileInfo>
    </File>
    <Config>
      <Option Name="TopModule" Val="instruction_memory"/>
      <Option Name="UseBlackboxStub" Val="1"/>
    </Config>
  </FileSet>
  <FileSet Name="constrs_in" Type="BlockSrcs" RelSrcDir="$PSRCDIR/instruction_memory">
    <File Path="$PSRCDIR/sources_1/bd/instruction_memory/instruction_memory.bd">
      <FileInfo>
        <Attr Name="UsedIn" Val="synthesis"/>
        <Attr Name="UsedIn" Val="implementation"/>
        <Attr Name="UsedIn" Val="simulation"/>
      </FileInfo>
    </File>
    <Config>
      <Option Name="TopModule" Val="instruction_memory"/>
      <Option Name="UseBlackboxStub" Val="1"/>
    </Config>
  </FileSet>
  <FileSet Name="utils" Type="Utils" RelSrcDir="$PSRCDIR/utils_1">
    <Filter Type="Utils"/>
    <Config>
      <Option Name="TopAutoSet" Val="TRUE"/>
    </Config>
  </FileSet>
  <Strategy Version="1" Minor="2">
    <StratHandle Name="Vivado Synthesis Defaults" Flow="Vivado Synthesis 2018"/>
    <Step Id="synth_design"/>
  </Strategy>
</GenRun>
